E(MeV),S(MeV-b)
0.11937524,0.009468389

